id,email,phone,username,password,name,contact_info,preferences
1,katie1@sample.com,123-456-7801,katie1,password1,Katie,Contact1,Preferences1
2,chris2@example.com,123-456-7802,chris2,password2,Chris,Contact2,Preferences2
3,laura3@example.com,123-456-7803,laura3,password3,Laura,Contact3,Preferences3
4,james4@test.com,123-456-7804,james4,password4,James,Contact4,Preferences4
5,chris5@example.com,123-456-7805,chris5,password5,Chris,Contact5,Preferences5
6,anna6@sample.com,123-456-7806,anna6,password6,Anna,Contact6,Preferences6
7,john7@sample.com,123-456-7807,john7,password7,John,Contact7,Preferences7
8,james8@example.com,123-456-7808,james8,password8,James,Contact8,Preferences8
9,anna9@test.com,123-456-7809,anna9,password9,Anna,Contact9,Preferences9
10,katie10@sample.com,123-456-7810,katie10,password10,Katie,Contact10,Preferences10
11,laura11@sample.com,123-456-7811,laura11,password11,Laura,Contact11,Preferences11
12,katie12@example.com,123-456-7812,katie12,password12,Katie,Contact12,Preferences12
13,chris13@sample.com,123-456-7813,chris13,password13,Chris,Contact13,Preferences13
14,jane14@test.com,123-456-7814,jane14,password14,Jane,Contact14,Preferences14
15,sara15@sample.com,123-456-7815,sara15,password15,Sara,Contact15,Preferences15
16,tom16@sample.com,123-456-7816,tom16,password16,Tom,Contact16,Preferences16
17,chris17@example.com,123-456-7817,chris17,password17,Chris,Contact17,Preferences17
18,chris18@test.com,123-456-7818,chris18,password18,Chris,Contact18,Preferences18
19,katie19@test.com,123-456-7819,katie19,password19,Katie,Contact19,Preferences19
20,anna20@example.com,123-456-7820,anna20,password20,Anna,Contact20,Preferences20
21,laura21@sample.com,123-456-7821,laura21,password21,Laura,Contact21,Preferences21
22,john22@example.com,123-456-7822,john22,password22,John,Contact22,Preferences22
23,mike23@example.com,123-456-7823,mike23,password23,Mike,Contact23,Preferences23
24,anna24@example.com,123-456-7824,anna24,password24,Anna,Contact24,Preferences24
25,mike25@sample.com,123-456-7825,mike25,password25,Mike,Contact25,Preferences25
26,anna26@test.com,123-456-7826,anna26,password26,Anna,Contact26,Preferences26
27,tom27@example.com,123-456-7827,tom27,password27,Tom,Contact27,Preferences27
28,katie28@example.com,123-456-7828,katie28,password28,Katie,Contact28,Preferences28
29,tom29@test.com,123-456-7829,tom29,password29,Tom,Contact29,Preferences29
30,chris30@test.com,123-456-7830,chris30,password30,Chris,Contact30,Preferences30
31,jane31@sample.com,123-456-7831,jane31,password31,Jane,Contact31,Preferences31
32,john32@sample.com,123-456-7832,john32,password32,John,Contact32,Preferences32
33,tom33@example.com,123-456-7833,tom33,password33,Tom,Contact33,Preferences33
34,katie34@sample.com,123-456-7834,katie34,password34,Katie,Contact34,Preferences34
35,john35@example.com,123-456-7835,john35,password35,John,Contact35,Preferences35
36,laura36@test.com,123-456-7836,laura36,password36,Laura,Contact36,Preferences36
37,mike37@test.com,123-456-7837,mike37,password37,Mike,Contact37,Preferences37
38,john38@sample.com,123-456-7838,john38,password38,John,Contact38,Preferences38
39,james39@test.com,123-456-7839,james39,password39,James,Contact39,Preferences39
40,james40@example.com,123-456-7840,james40,password40,James,Contact40,Preferences40
41,mike41@sample.com,123-456-7841,mike41,password41,Mike,Contact41,Preferences41
42,james42@test.com,123-456-7842,james42,password42,James,Contact42,Preferences42
43,laura43@test.com,123-456-7843,laura43,password43,Laura,Contact43,Preferences43
44,jane44@example.com,123-456-7844,jane44,password44,Jane,Contact44,Preferences44
45,james45@sample.com,123-456-7845,james45,password45,James,Contact45,Preferences45
46,laura46@example.com,123-456-7846,laura46,password46,Laura,Contact46,Preferences46
47,james47@test.com,123-456-7847,james47,password47,James,Contact47,Preferences47
48,tom48@test.com,123-456-7848,tom48,password48,Tom,Contact48,Preferences48
49,john49@sample.com,123-456-7849,john49,password49,John,Contact49,Preferences49
50,anna50@sample.com,123-456-7850,anna50,password50,Anna,Contact50,Preferences50
